week,tavg,tmin,tmax,prcp,wspd,District,MOH,Latitude,Longitude
2013-01-07,25.368571428571432,23.49285714285714,27.689999999999998,54.12,4.151428571428571,Kurunegala,Panduwasnuwara East,7.6091667,80.1286111
2013-01-14,24.974285714285713,22.728571428571428,27.552857142857142,78.13,4.34,Kurunegala,Panduwasnuwara East,7.6091667,80.1286111
2013-01-21,24.245714285714286,21.145714285714288,27.994285714285716,1.24,4.1899999999999995,Kurunegala,Panduwasnuwara East,7.6091667,80.1286111
2013-01-28,25.07857142857143,22.837142857142858,28.25714285714286,21.04,4.888571428571429,Kurunegala,Panduwasnuwara East,7.6091667,80.1286111
2013-02-04,24.872857142857146,21.775714285714287,28.78,7.48,4.538571428571428,Kurunegala,Panduwasnuwara East,7.6091667,80.1286111
2013-02-11,25.857142857142858,23.364285714285717,29.087142857142858,33.74,3.2085714285714286,Kurunegala,Panduwasnuwara East,7.6091667,80.1286111
2013-02-18,25.92142857142857,23.50857142857143,28.725714285714282,60.26,2.682857142857143,Kurunegala,Panduwasnuwara East,7.6091667,80.1286111
2013-02-25,25.367142857142856,21.931428571428572,29.37,13.63,3.7399999999999998,Kurunegala,Panduwasnuwara East,7.6091667,80.1286111
2013-03-04,25.442857142857143,22.071428571428573,29.354285714285712,18.830000000000002,3.7728571428571427,Kurunegala,Panduwasnuwara East,7.6091667,80.1286111
2013-03-11,26.882857142857144,24.195714285714285,30.07857142857143,28.41,2.914285714285714,Kurunegala,Panduwasnuwara East,7.6091667,80.1286111
2013-03-18,26.99857142857143,24.032857142857143,30.351428571428574,35.9,2.067142857142857,Kurunegala,Panduwasnuwara East,7.6091667,80.1286111
2013-03-25,27.194285714285716,24.05,30.65142857142857,37.730000000000004,2.1671428571428573,Kurunegala,Panduwasnuwara East,7.6091667,80.1286111
2013-04-01,27.722857142857144,25.935714285714287,29.93857142857143,34.94,1.6157142857142859,Kurunegala,Panduwasnuwara East,7.6091667,80.1286111
2013-04-08,27.981428571428573,25.695714285714285,30.75714285714286,10.74,2.307142857142857,Kurunegala,Panduwasnuwara East,7.6091667,80.1286111
2013-04-15,27.725714285714282,25.37714285714286,30.184285714285714,67.32,1.9314285714285713,Kurunegala,Panduwasnuwara East,7.6091667,80.1286111
2013-04-22,27.99857142857143,25.931428571428572,30.685714285714287,13.43,3.032857142857143,Kurunegala,Panduwasnuwara East,7.6091667,80.1286111
2013-04-29,28.018571428571427,26.16714285714286,30.32857142857143,36.34,1.9657142857142857,Kurunegala,Panduwasnuwara East,7.6091667,80.1286111
2013-05-06,27.564285714285713,26.21142857142857,29.454285714285714,74.23,3.1271428571428572,Kurunegala,Panduwasnuwara East,7.6091667,80.1286111
2013-05-13,27.889999999999997,26.615714285714287,29.601428571428574,38.53,4.101428571428571,Kurunegala,Panduwasnuwara East,7.6091667,80.1286111
2013-05-20,27.485714285714288,26.23,29.277142857142856,36.66,4.694285714285714,Kurunegala,Panduwasnuwara East,7.6091667,80.1286111
2013-05-27,27.424285714285713,26.34714285714286,29.082857142857144,8.33,5.747142857142857,Kurunegala,Panduwasnuwara East,7.6091667,80.1286111
2013-06-03,27.072857142857142,26.034285714285716,28.535714285714285,56.25,5.951428571428571,Kurunegala,Panduwasnuwara East,7.6091667,80.1286111
2013-06-10,26.698571428571427,25.624285714285715,28.31142857142857,37.46,5.725714285714285,Kurunegala,Panduwasnuwara East,7.6091667,80.1286111
2013-06-17,26.45,25.332857142857144,28.132857142857144,48.61,6.054285714285714,Kurunegala,Panduwasnuwara East,7.6091667,80.1286111
2013-06-24,26.377142857142854,25.198571428571427,28.06857142857143,40.19,5.76,Kurunegala,Panduwasnuwara East,7.6091667,80.1286111
2013-07-01,26.24142857142857,25.077142857142857,27.937142857142856,25.86,4.691428571428572,Kurunegala,Panduwasnuwara East,7.6091667,80.1286111
2013-07-08,26.222857142857144,24.922857142857143,28.07857142857143,21.67,5.225714285714285,Kurunegala,Panduwasnuwara East,7.6091667,80.1286111
2013-07-15,26.018571428571427,24.857142857142858,27.687142857142856,13.93,4.845714285714286,Kurunegala,Panduwasnuwara East,7.6091667,80.1286111
2013-07-22,26.08857142857143,25.034285714285716,27.73857142857143,19.43,5.275714285714286,Kurunegala,Panduwasnuwara East,7.6091667,80.1286111
2013-07-29,26.124285714285715,24.891428571428573,28.018571428571427,31.919999999999998,4.5842857142857145,Kurunegala,Panduwasnuwara East,7.6091667,80.1286111
2013-08-05,26.19142857142857,24.900000000000002,28.045714285714286,18.23,5.528571428571429,Kurunegala,Panduwasnuwara East,7.6091667,80.1286111
2013-08-12,25.849999999999998,24.724285714285713,27.67142857142857,11.94,4.984285714285714,Kurunegala,Panduwasnuwara East,7.6091667,80.1286111
2013-08-19,26.139999999999997,24.74857142857143,28.312857142857144,2.9,4.758571428571429,Kurunegala,Panduwasnuwara East,7.6091667,80.1286111
2013-08-26,26.642857142857142,25.09,28.974285714285713,2.05,4.93,Kurunegala,Panduwasnuwara East,7.6091667,80.1286111
2013-09-02,26.404285714285717,25.074285714285715,28.46857142857143,32.01,3.3771428571428572,Kurunegala,Panduwasnuwara East,7.6091667,80.1286111
2013-09-09,26.141428571428573,24.835714285714285,28.014285714285712,48.400000000000006,4.972857142857143,Kurunegala,Panduwasnuwara East,7.6091667,80.1286111
2013-09-16,26.28857142857143,25.044285714285714,28.232857142857142,54.9,5.981428571428571,Kurunegala,Panduwasnuwara East,7.6091667,80.1286111
2013-09-23,26.635714285714283,25.330000000000002,28.551428571428573,20.61,5.514285714285714,Kurunegala,Panduwasnuwara East,7.6091667,80.1286111
2013-09-30,26.897142857142857,24.91142857142857,29.78,0.44999999999999996,4.267142857142857,Kurunegala,Panduwasnuwara East,7.6091667,80.1286111
2013-10-07,26.75,25.074285714285715,29.247142857142855,6.56,4.378571428571428,Kurunegala,Panduwasnuwara East,7.6091667,80.1286111
2013-10-14,27.03142857142857,25.481428571428573,29.295714285714286,18.12,4.728571428571429,Kurunegala,Panduwasnuwara East,7.6091667,80.1286111
2013-10-21,26.312857142857144,24.927142857142858,28.24142857142857,113.47,3.4771428571428573,Kurunegala,Panduwasnuwara East,7.6091667,80.1286111
2013-10-28,26.66857142857143,25.208571428571425,28.712857142857143,9.93,4.077142857142857,Kurunegala,Panduwasnuwara East,7.6091667,80.1286111
2013-11-04,26.400000000000002,24.59857142857143,28.73428571428571,64.03,2.0442857142857145,Kurunegala,Panduwasnuwara East,7.6091667,80.1286111
2013-11-11,26.509999999999998,23.50142857142857,30.177142857142858,38.61,3.212857142857143,Kurunegala,Panduwasnuwara East,7.6091667,80.1286111
2013-11-18,26.228571428571428,23.91142857142857,29.084285714285716,30.11,2.5814285714285714,Kurunegala,Panduwasnuwara East,7.6091667,80.1286111
2013-11-25,26.555714285714284,23.87857142857143,29.42142857142857,64.76,2.314285714285714,Kurunegala,Panduwasnuwara East,7.6091667,80.1286111
2013-12-02,25.84714285714286,23.304285714285715,28.725714285714282,45.26,2.942857142857143,Kurunegala,Panduwasnuwara East,7.6091667,80.1286111
2013-12-09,25.762857142857143,24.01142857142857,28.214285714285715,22.47,4.035714285714286,Kurunegala,Panduwasnuwara East,7.6091667,80.1286111
2013-12-16,25.777142857142856,23.382857142857144,28.632857142857144,32.73,2.7342857142857144,Kurunegala,Panduwasnuwara East,7.6091667,80.1286111
2013-12-23,25.212857142857143,22.715714285714284,28.68857142857143,1.91,4.8428571428571425,Kurunegala,Panduwasnuwara East,7.6091667,80.1286111
2013-12-30,24.818571428571428,21.83857142857143,28.599999999999998,1.58,4.591428571428572,Kurunegala,Panduwasnuwara East,7.6091667,80.1286111
2014-01-06,25.145714285714288,22.520000000000003,28.73857142857143,7.91,4.222857142857143,Kurunegala,Panduwasnuwara East,7.6091667,80.1286111
2014-01-13,25.532857142857143,22.82714285714286,28.94142857142857,29.6,3.7271428571428573,Kurunegala,Panduwasnuwara East,7.6091667,80.1286111
2014-01-20,25.26142857142857,22.312857142857144,29.23,22.650000000000002,4.228571428571429,Kurunegala,Panduwasnuwara East,7.6091667,80.1286111
2014-01-27,25.314285714285713,21.669999999999998,30.00857142857143,0.12,4.76,Kurunegala,Panduwasnuwara East,7.6091667,80.1286111
2014-02-03,26.2,22.86285714285714,30.805714285714284,3.7800000000000002,5.118571428571428,Kurunegala,Panduwasnuwara East,7.6091667,80.1286111
2014-02-10,25.527142857142856,20.274285714285718,31.725714285714282,0.05,3.6485714285714286,Kurunegala,Panduwasnuwara East,7.6091667,80.1286111
2014-02-17,27.141428571428573,22.681428571428572,32.371428571428574,0.21000000000000002,1.9342857142857142,Kurunegala,Panduwasnuwara East,7.6091667,80.1286111
2014-02-24,28.05857142857143,23.857142857142858,33.49,11.79,3.907142857142857,Kurunegala,Panduwasnuwara East,7.6091667,80.1286111
2014-03-03,28.045714285714286,23.904285714285717,33.20428571428572,7.869999999999999,3.0357142857142856,Kurunegala,Panduwasnuwara East,7.6091667,80.1286111
2014-03-10,28.064285714285713,24.361428571428572,33.12285714285714,21.6,3.3185714285714285,Kurunegala,Panduwasnuwara East,7.6091667,80.1286111
2014-03-17,28.19142857142857,23.38,34.27,0.6799999999999999,4.33,Kurunegala,Panduwasnuwara East,7.6091667,80.1286111
2014-03-24,29.307142857142857,25.09857142857143,34.63142857142857,9.3,1.9142857142857144,Kurunegala,Panduwasnuwara East,7.6091667,80.1286111
2014-03-31,29.594285714285714,24.381428571428575,35.957142857142856,3.04,2.677142857142857,Kurunegala,Panduwasnuwara East,7.6091667,80.1286111
2014-04-07,29.404285714285717,26.34857142857143,33.92285714285714,44.28,1.997142857142857,Kurunegala,Panduwasnuwara East,7.6091667,80.1286111
2014-04-14,28.177142857142858,26.02285714285714,30.919999999999998,38.71,2.3642857142857143,Kurunegala,Panduwasnuwara East,7.6091667,80.1286111
2014-04-21,28.349999999999998,26.042857142857144,31.381428571428568,30.22,1.667142857142857,Kurunegala,Panduwasnuwara East,7.6091667,80.1286111
2014-04-28,28.092857142857145,26.222857142857144,30.71857142857143,70.03,2.2785714285714285,Kurunegala,Panduwasnuwara East,7.6091667,80.1286111
2014-05-05,27.03,25.66857142857143,28.85571428571429,135.26,2.4557142857142855,Kurunegala,Panduwasnuwara East,7.6091667,80.1286111
2014-05-12,27.488571428571426,25.97714285714286,29.467142857142857,45.370000000000005,3.775714285714286,Kurunegala,Panduwasnuwara East,7.6091667,80.1286111
2014-05-19,27.882857142857144,26.397142857142857,29.928571428571427,5.3500000000000005,3.93,Kurunegala,Panduwasnuwara East,7.6091667,80.1286111
2014-05-26,27.872857142857146,26.47714285714286,29.78142857142857,6.19,4.634285714285714,Kurunegala,Panduwasnuwara East,7.6091667,80.1286111
2014-06-02,27.864285714285717,26.68285714285714,29.568571428571428,32.35,4.781428571428571,Kurunegala,Panduwasnuwara East,7.6091667,80.1286111
2014-06-09,27.5,26.24142857142857,29.38,23.439999999999998,5.384285714285714,Kurunegala,Panduwasnuwara East,7.6091667,80.1286111
2014-06-16,27.452857142857145,26.267142857142858,29.222857142857144,14.739999999999998,4.991428571428571,Kurunegala,Panduwasnuwara East,7.6091667,80.1286111
2014-06-23,27.34,26.075714285714287,29.26142857142857,5.21,5.51,Kurunegala,Panduwasnuwara East,7.6091667,80.1286111
2014-06-30,27.485714285714288,26.09714285714286,29.557142857142857,7.390000000000001,5.531428571428571,Kurunegala,Panduwasnuwara East,7.6091667,80.1286111
2014-07-07,27.177142857142858,25.937142857142856,29.162857142857145,13.36,5.312857142857142,Kurunegala,Panduwasnuwara East,7.6091667,80.1286111
2014-07-14,26.912857142857142,25.57,28.995714285714286,10.8,5.882857142857143,Kurunegala,Panduwasnuwara East,7.6091667,80.1286111
2014-07-21,27.104285714285712,25.564285714285713,29.46,3.09,5.207142857142857,Kurunegala,Panduwasnuwara East,7.6091667,80.1286111
2014-07-28,27.26142857142857,25.678571428571427,29.66142857142857,8.870000000000001,5.321428571428571,Kurunegala,Panduwasnuwara East,7.6091667,80.1286111
2014-08-04,27.080000000000002,25.547142857142855,29.475714285714282,21.14,5.448571428571428,Kurunegala,Panduwasnuwara East,7.6091667,80.1286111
2014-08-11,26.714285714285715,25.06857142857143,29.138571428571428,22.19,4.8500000000000005,Kurunegala,Panduwasnuwara East,7.6091667,80.1286111
2014-08-18,26.32857142857143,24.931428571428572,28.609999999999996,16.869999999999997,4.815714285714286,Kurunegala,Panduwasnuwara East,7.6091667,80.1286111
2014-08-25,26.521428571428572,25.201428571428572,28.632857142857144,52.76,4.595714285714286,Kurunegala,Panduwasnuwara East,7.6091667,80.1286111
2014-09-01,27.215714285714284,25.647142857142857,29.495714285714286,9.51,5.26,Kurunegala,Panduwasnuwara East,7.6091667,80.1286111
2014-09-08,26.755714285714284,25.357142857142858,28.72142857142857,25.18,4.694285714285714,Kurunegala,Panduwasnuwara East,7.6091667,80.1286111
2014-09-15,27.21857142857143,25.609999999999996,29.665714285714284,19.0,5.164285714285714,Kurunegala,Panduwasnuwara East,7.6091667,80.1286111
2014-09-22,27.364285714285717,25.768571428571427,29.975714285714282,6.76,5.201428571428571,Kurunegala,Panduwasnuwara East,7.6091667,80.1286111
2014-09-29,26.90857142857143,25.46,29.04,74.56,3.1957142857142857,Kurunegala,Panduwasnuwara East,7.6091667,80.1286111
2014-10-06,26.618571428571432,24.865714285714287,28.724285714285713,85.60000000000001,2.367142857142857,Kurunegala,Panduwasnuwara East,7.6091667,80.1286111
2014-10-13,27.147142857142857,25.68,29.207142857142856,33.62,4.558571428571429,Kurunegala,Panduwasnuwara East,7.6091667,80.1286111
2014-10-20,26.414285714285715,24.82857142857143,28.692857142857143,112.02,3.4528571428571433,Kurunegala,Panduwasnuwara East,7.6091667,80.1286111
2014-10-27,26.38714285714286,24.67142857142857,28.534285714285716,120.82,1.59,Kurunegala,Panduwasnuwara East,7.6091667,80.1286111
2014-11-03,25.784285714285716,24.611428571428572,27.40857142857143,113.35,2.5171428571428573,Kurunegala,Panduwasnuwara East,7.6091667,80.1286111
2014-11-10,26.25857142857143,24.122857142857146,28.752857142857142,15.98,2.185714285714286,Kurunegala,Panduwasnuwara East,7.6091667,80.1286111
2014-11-17,26.572857142857142,24.37142857142857,29.30857142857143,46.6,2.777142857142857,Kurunegala,Panduwasnuwara East,7.6091667,80.1286111
2014-11-24,25.830000000000002,24.197142857142858,28.117142857142856,77.73,3.19,Kurunegala,Panduwasnuwara East,7.6091667,80.1286111
2014-12-01,25.211428571428574,23.74142857142857,26.931428571428572,94.92,4.145714285714286,Kurunegala,Panduwasnuwara East,7.6091667,80.1286111
2014-12-08,25.708571428571425,23.81714285714286,28.174285714285713,42.18,3.6042857142857145,Kurunegala,Panduwasnuwara East,7.6091667,80.1286111
2014-12-15,25.924285714285713,23.704285714285714,28.495714285714286,39.5,2.595714285714286,Kurunegala,Panduwasnuwara East,7.6091667,80.1286111
2014-12-22,25.667142857142856,24.247142857142855,27.704285714285714,128.64,4.327142857142857,Kurunegala,Panduwasnuwara East,7.6091667,80.1286111
2014-12-29,25.10571428571429,23.84,26.802857142857142,181.74,4.224285714285714,Kurunegala,Panduwasnuwara East,7.6091667,80.1286111
2015-01-05,25.810000000000002,23.287142857142857,28.50142857142857,3.94,2.244285714285714,Kurunegala,Panduwasnuwara East,7.6091667,80.1286111
2015-01-12,24.357142857142858,21.298571428571428,27.91,1.98,3.9528571428571433,Kurunegala,Panduwasnuwara East,7.6091667,80.1286111
2015-01-19,24.607142857142858,21.51142857142857,28.314285714285713,0.060000000000000005,3.94,Kurunegala,Panduwasnuwara East,7.6091667,80.1286111
2015-01-26,24.822857142857142,21.844285714285714,28.572857142857142,1.99,4.061428571428571,Kurunegala,Panduwasnuwara East,7.6091667,80.1286111
2015-02-02,25.297142857142855,22.638571428571428,29.004285714285714,6.449999999999999,4.3742857142857146,Kurunegala,Panduwasnuwara East,7.6091667,80.1286111
2015-02-09,25.34142857142857,23.16,28.395714285714288,29.419999999999998,4.627142857142857,Kurunegala,Panduwasnuwara East,7.6091667,80.1286111
2015-02-16,25.467142857142857,22.45285714285714,29.23428571428571,13.71,3.7585714285714285,Kurunegala,Panduwasnuwara East,7.6091667,80.1286111
2015-02-23,25.009999999999998,21.169999999999998,29.217142857142854,1.35,3.7214285714285715,Kurunegala,Panduwasnuwara East,7.6091667,80.1286111
2015-03-02,26.51142857142857,24.06142857142857,29.585714285714285,46.17,1.8914285714285715,Kurunegala,Panduwasnuwara East,7.6091667,80.1286111
2015-03-09,26.96142857142857,23.448571428571427,30.84714285714286,12.17,2.5342857142857143,Kurunegala,Panduwasnuwara East,7.6091667,80.1286111
2015-03-16,26.975714285714282,23.669999999999998,30.732857142857142,14.71,2.84,Kurunegala,Panduwasnuwara East,7.6091667,80.1286111
2015-03-23,27.30857142857143,22.78142857142857,32.27285714285714,3.09,1.8800000000000001,Kurunegala,Panduwasnuwara East,7.6091667,80.1286111
2015-03-30,28.055714285714284,24.298571428571428,32.605714285714285,18.509999999999998,2.06,Kurunegala,Panduwasnuwara East,7.6091667,80.1286111
2015-04-06,28.032857142857143,25.83857142857143,30.785714285714285,51.89,1.9014285714285712,Kurunegala,Panduwasnuwara East,7.6091667,80.1286111
2015-04-13,27.837142857142858,25.68285714285714,30.470000000000002,63.56999999999999,1.5385714285714285,Kurunegala,Panduwasnuwara East,7.6091667,80.1286111
2015-04-20,27.889999999999997,25.599999999999998,30.32,53.510000000000005,1.48,Kurunegala,Panduwasnuwara East,7.6091667,80.1286111
2015-04-27,27.47714285714286,25.82,29.574285714285715,68.63,2.255714285714286,Kurunegala,Panduwasnuwara East,7.6091667,80.1286111
2015-05-04,27.485714285714288,25.865714285714287,29.428571428571427,25.080000000000002,2.198571428571429,Kurunegala,Panduwasnuwara East,7.6091667,80.1286111
2015-05-11,27.395714285714284,25.905714285714286,29.357142857142858,80.86,2.4299999999999997,Kurunegala,Panduwasnuwara East,7.6091667,80.1286111
2015-05-18,27.728571428571428,26.23428571428571,29.77285714285714,55.58,4.025714285714286,Kurunegala,Panduwasnuwara East,7.6091667,80.1286111
2015-05-25,27.672857142857143,26.50714285714286,29.41714285714286,14.64,5.118571428571428,Kurunegala,Panduwasnuwara East,7.6091667,80.1286111
2015-06-01,27.625714285714285,26.364285714285717,29.22714285714286,6.55,4.444285714285714,Kurunegala,Panduwasnuwara East,7.6091667,80.1286111
2015-06-08,27.245714285714286,25.931428571428572,29.0,22.48,3.5742857142857143,Kurunegala,Panduwasnuwara East,7.6091667,80.1286111
2015-06-15,27.444285714285712,26.122857142857146,29.31142857142857,13.46,4.277142857142858,Kurunegala,Panduwasnuwara East,7.6091667,80.1286111
2015-06-22,27.51571428571429,26.358571428571427,29.155714285714286,17.14,4.8428571428571425,Kurunegala,Panduwasnuwara East,7.6091667,80.1286111
2015-06-29,27.38,25.82,29.37,18.79,5.011428571428572,Kurunegala,Panduwasnuwara East,7.6091667,80.1286111
2015-07-06,27.467142857142854,26.22,29.305714285714288,8.2,5.081428571428572,Kurunegala,Panduwasnuwara East,7.6091667,80.1286111
2015-07-13,27.33142857142857,26.005714285714284,29.194285714285716,6.92,5.441428571428572,Kurunegala,Panduwasnuwara East,7.6091667,80.1286111
2015-07-20,27.002857142857145,25.557142857142857,29.062857142857144,9.440000000000001,5.937142857142858,Kurunegala,Panduwasnuwara East,7.6091667,80.1286111
2015-07-27,26.571428571428573,25.184285714285714,28.697142857142858,10.39,4.34,Kurunegala,Panduwasnuwara East,7.6091667,80.1286111
2015-08-03,27.017142857142858,25.50857142857143,29.277142857142856,2.88,4.4557142857142855,Kurunegala,Panduwasnuwara East,7.6091667,80.1286111
2015-08-10,27.325714285714287,25.74857142857143,29.724285714285713,9.03,5.868571428571428,Kurunegala,Panduwasnuwara East,7.6091667,80.1286111
2015-08-17,27.24285714285714,25.64428571428571,29.72142857142857,35.260000000000005,4.438571428571429,Kurunegala,Panduwasnuwara East,7.6091667,80.1286111
2015-08-24,27.142857142857142,25.552857142857142,29.395714285714288,13.98,4.43,Kurunegala,Panduwasnuwara East,7.6091667,80.1286111
2015-08-31,27.527142857142856,26.12,29.891428571428573,15.78,5.4157142857142855,Kurunegala,Panduwasnuwara East,7.6091667,80.1286111
2015-09-07,26.96,25.207142857142856,29.287142857142857,41.660000000000004,4.14,Kurunegala,Panduwasnuwara East,7.6091667,80.1286111
2015-09-14,26.895714285714288,25.34857142857143,29.094285714285714,26.689999999999998,4.461428571428572,Kurunegala,Panduwasnuwara East,7.6091667,80.1286111
2015-09-21,27.139999999999997,25.842857142857145,28.985714285714288,22.37,5.607142857142857,Kurunegala,Panduwasnuwara East,7.6091667,80.1286111
2015-09-28,26.802857142857142,25.384285714285713,28.888571428571428,46.45,4.03,Kurunegala,Panduwasnuwara East,7.6091667,80.1286111
2015-10-05,26.685714285714287,25.138571428571428,28.784285714285716,44.69,4.267142857142857,Kurunegala,Panduwasnuwara East,7.6091667,80.1286111
2015-10-12,27.072857142857142,25.695714285714285,29.06142857142857,21.26,3.6571428571428575,Kurunegala,Panduwasnuwara East,7.6091667,80.1286111
2015-10-19,27.065714285714286,24.982857142857142,29.804285714285715,101.06,1.7428571428571427,Kurunegala,Panduwasnuwara East,7.6091667,80.1286111
2015-10-26,26.434285714285714,24.865714285714287,28.445714285714285,95.14,2.1357142857142857,Kurunegala,Panduwasnuwara East,7.6091667,80.1286111
2015-11-02,25.888571428571428,24.141428571428573,28.27857142857143,120.32,3.174285714285714,Kurunegala,Panduwasnuwara East,7.6091667,80.1286111
2015-11-09,26.262857142857143,24.352857142857143,28.524285714285714,82.95,2.4314285714285715,Kurunegala,Panduwasnuwara East,7.6091667,80.1286111
2015-11-16,25.997142857142855,24.580000000000002,27.810000000000002,144.56,3.052857142857143,Kurunegala,Panduwasnuwara East,7.6091667,80.1286111
2015-11-23,26.731428571428573,24.812857142857144,29.095714285714283,53.34,1.99,Kurunegala,Panduwasnuwara East,7.6091667,80.1286111
2015-11-30,26.215714285714284,24.25857142857143,28.641428571428573,65.86,3.59,Kurunegala,Panduwasnuwara East,7.6091667,80.1286111
2015-12-07,26.3,25.027142857142856,28.045714285714286,82.25,3.0385714285714287,Kurunegala,Panduwasnuwara East,7.6091667,80.1286111
2015-12-14,26.557142857142857,25.002857142857145,28.611428571428572,81.78999999999999,2.27,Kurunegala,Panduwasnuwara East,7.6091667,80.1286111
2015-12-21,26.265714285714285,24.052857142857142,29.00714285714286,42.480000000000004,2.6714285714285713,Kurunegala,Panduwasnuwara East,7.6091667,80.1286111
2015-12-28,25.557142857142857,22.954285714285714,28.81142857142857,20.91,4.39,Kurunegala,Panduwasnuwara East,7.6091667,80.1286111
2016-01-04,26.012857142857143,23.792857142857144,29.195714285714285,27.9,5.071428571428571,Kurunegala,Panduwasnuwara East,7.6091667,80.1286111
2016-01-11,25.784285714285716,23.875714285714285,28.535714285714285,8.38,4.428571428571429,Kurunegala,Panduwasnuwara East,7.6091667,80.1286111
2016-01-18,24.568571428571428,21.592857142857145,27.96,0.02,3.6242857142857146,Kurunegala,Panduwasnuwara East,7.6091667,80.1286111
2016-01-25,25.94142857142857,22.832857142857144,29.75142857142857,5.3100000000000005,3.79,Kurunegala,Panduwasnuwara East,7.6091667,80.1286111
2016-02-01,24.967142857142857,21.442857142857143,29.085714285714285,0.84,4.135714285714285,Kurunegala,Panduwasnuwara East,7.6091667,80.1286111
2016-02-08,25.584285714285716,22.27,29.54714285714286,4.0,3.8299999999999996,Kurunegala,Panduwasnuwara East,7.6091667,80.1286111
2016-02-15,26.131428571428568,22.592857142857145,30.139999999999997,13.81,3.1957142857142857,Kurunegala,Panduwasnuwara East,7.6091667,80.1286111
2016-02-22,26.84857142857143,23.885714285714283,30.557142857142857,29.32,3.832857142857143,Kurunegala,Panduwasnuwara East,7.6091667,80.1286111
2016-02-29,27.2,23.674285714285713,31.305714285714284,6.75,3.2285714285714286,Kurunegala,Panduwasnuwara East,7.6091667,80.1286111
2016-03-07,27.74285714285714,24.398571428571426,31.924285714285713,1.33,3.737142857142857,Kurunegala,Panduwasnuwara East,7.6091667,80.1286111
2016-03-14,28.40857142857143,25.584285714285716,31.79,20.43,1.577142857142857,Kurunegala,Panduwasnuwara East,7.6091667,80.1286111
2016-03-21,29.012857142857143,25.464285714285715,33.67,2.96,1.7285714285714284,Kurunegala,Panduwasnuwara East,7.6091667,80.1286111
2016-03-28,29.702857142857145,25.55142857142857,34.682857142857145,12.549999999999999,1.77,Kurunegala,Panduwasnuwara East,7.6091667,80.1286111
2016-04-04,29.335714285714285,26.462857142857143,32.76285714285714,34.19,1.342857142857143,Kurunegala,Panduwasnuwara East,7.6091667,80.1286111
2016-04-11,29.267142857142858,27.01142857142857,32.567142857142855,37.8,2.0614285714285714,Kurunegala,Panduwasnuwara East,7.6091667,80.1286111
2016-04-18,29.525714285714287,27.495714285714286,32.51714285714286,15.6,2.86,Kurunegala,Panduwasnuwara East,7.6091667,80.1286111
2016-04-25,29.21142857142857,27.407142857142855,31.818571428571428,29.96,2.75,Kurunegala,Panduwasnuwara East,7.6091667,80.1286111
2016-05-02,29.23,27.169999999999998,32.06428571428572,26.58,2.295714285714286,Kurunegala,Panduwasnuwara East,7.6091667,80.1286111
2016-05-09,28.997142857142855,27.15142857142857,31.43857142857143,30.5,2.042857142857143,Kurunegala,Panduwasnuwara East,7.6091667,80.1286111
2016-05-16,27.87142857142857,25.96857142857143,30.201428571428572,292.72,3.0814285714285714,Kurunegala,Panduwasnuwara East,7.6091667,80.1286111
2016-05-23,28.25,27.27857142857143,29.75857142857143,70.19,5.688571428571429,Kurunegala,Panduwasnuwara East,7.6091667,80.1286111
2016-05-30,27.825714285714287,26.548571428571428,29.51571428571429,46.61,5.507142857142858,Kurunegala,Panduwasnuwara East,7.6091667,80.1286111
2016-06-06,27.731428571428573,26.494285714285716,29.54,17.01,5.221428571428571,Kurunegala,Panduwasnuwara East,7.6091667,80.1286111
2016-06-13,27.364285714285717,26.28,28.935714285714287,48.54,5.378571428571428,Kurunegala,Panduwasnuwara East,7.6091667,80.1286111
2016-06-20,27.077142857142857,25.942857142857143,28.834285714285716,13.11,5.862857142857143,Kurunegala,Panduwasnuwara East,7.6091667,80.1286111
2016-06-27,26.74142857142857,25.412857142857142,28.575714285714287,5.33,5.4,Kurunegala,Panduwasnuwara East,7.6091667,80.1286111
2016-07-04,27.062857142857144,25.861428571428572,28.947142857142858,5.74,4.631428571428572,Kurunegala,Panduwasnuwara East,7.6091667,80.1286111
2016-07-11,26.884285714285713,25.448571428571427,28.964285714285715,16.47,5.075714285714286,Kurunegala,Panduwasnuwara East,7.6091667,80.1286111
2016-07-18,26.44142857142857,25.169999999999998,28.314285714285713,6.2299999999999995,4.424285714285714,Kurunegala,Panduwasnuwara East,7.6091667,80.1286111
2016-07-25,26.330000000000002,25.054285714285715,28.307142857142857,5.91,5.031428571428571,Kurunegala,Panduwasnuwara East,7.6091667,80.1286111
2016-08-01,26.215714285714284,25.032857142857143,27.96857142857143,10.67,4.522857142857143,Kurunegala,Panduwasnuwara East,7.6091667,80.1286111
2016-08-08,26.854285714285712,25.212857142857143,29.164285714285715,0.4,4.714285714285714,Kurunegala,Panduwasnuwara East,7.6091667,80.1286111
2016-08-15,27.145714285714284,25.564285714285713,29.657142857142855,3.0700000000000003,5.45,Kurunegala,Panduwasnuwara East,7.6091667,80.1286111
2016-08-22,27.229999999999997,25.534285714285716,29.834285714285716,2.42,5.658571428571428,Kurunegala,Panduwasnuwara East,7.6091667,80.1286111
2016-08-29,26.592857142857145,25.127142857142854,28.882857142857144,7.1,5.335714285714286,Kurunegala,Panduwasnuwara East,7.6091667,80.1286111
2016-09-05,26.557142857142857,24.994285714285716,29.187142857142856,4.91,5.357142857142857,Kurunegala,Panduwasnuwara East,7.6091667,80.1286111
2016-09-12,26.994285714285716,24.994285714285716,30.40285714285714,0.71,5.5200000000000005,Kurunegala,Panduwasnuwara East,7.6091667,80.1286111
2016-09-19,27.177142857142858,25.49285714285714,29.99285714285714,2.3600000000000003,5.277142857142857,Kurunegala,Panduwasnuwara East,7.6091667,80.1286111
2016-09-26,27.07,25.37857142857143,29.935714285714287,0.8300000000000001,5.7057142857142855,Kurunegala,Panduwasnuwara East,7.6091667,80.1286111
2016-10-03,27.131428571428568,25.222857142857144,30.21857142857143,5.95,5.288571428571429,Kurunegala,Panduwasnuwara East,7.6091667,80.1286111
2016-10-10,27.632857142857144,25.388571428571428,31.064285714285713,1.44,5.097142857142857,Kurunegala,Panduwasnuwara East,7.6091667,80.1286111
2016-10-17,27.608571428571427,25.235714285714288,31.021428571428572,23.14,3.4385714285714286,Kurunegala,Panduwasnuwara East,7.6091667,80.1286111
2016-10-24,27.297142857142855,25.52857142857143,30.117142857142856,43.07,4.062857142857142,Kurunegala,Panduwasnuwara East,7.6091667,80.1286111
2016-10-31,27.12142857142857,24.98,30.18142857142857,20.84,2.942857142857143,Kurunegala,Panduwasnuwara East,7.6091667,80.1286111
2016-11-07,26.437142857142856,24.99285714285714,28.455714285714286,103.5,2.8614285714285717,Kurunegala,Panduwasnuwara East,7.6091667,80.1286111
2016-11-14,26.827142857142857,23.622857142857146,30.354285714285712,28.5,2.1685714285714286,Kurunegala,Panduwasnuwara East,7.6091667,80.1286111
2016-11-21,26.24857142857143,24.222857142857144,28.655714285714286,87.41,3.315714285714286,Kurunegala,Panduwasnuwara East,7.6091667,80.1286111
2016-11-28,26.08142857142857,23.694285714285716,29.27857142857143,24.73,3.9185714285714286,Kurunegala,Panduwasnuwara East,7.6091667,80.1286111
2016-12-05,25.664285714285715,22.701428571428572,28.935714285714287,7.510000000000001,2.7399999999999998,Kurunegala,Panduwasnuwara East,7.6091667,80.1286111
2016-12-12,26.062857142857144,23.974285714285713,28.707142857142856,10.31,3.345714285714286,Kurunegala,Panduwasnuwara East,7.6091667,80.1286111
2016-12-19,26.404285714285717,23.53142857142857,30.044285714285714,6.529999999999999,3.544285714285714,Kurunegala,Panduwasnuwara East,7.6091667,80.1286111
2016-12-26,25.314285714285713,21.467142857142857,29.78,8.15,3.065714285714286,Kurunegala,Panduwasnuwara East,7.6091667,80.1286111
2017-01-02,26.23428571428571,23.57857142857143,30.08142857142857,24.12,4.632857142857143,Kurunegala,Panduwasnuwara East,7.6091667,80.1286111
2017-01-09,25.195714285714285,20.672857142857143,30.444285714285712,0.44,3.98,Kurunegala,Panduwasnuwara East,7.6091667,80.1286111
2017-01-16,25.552857142857142,20.759999999999998,31.37857142857143,0.0,3.9085714285714284,Kurunegala,Panduwasnuwara East,7.6091667,80.1286111
2017-01-23,25.954285714285714,22.389999999999997,30.53,13.819999999999999,4.685714285714285,Kurunegala,Panduwasnuwara East,7.6091667,80.1286111
2017-01-30,26.761428571428574,24.025714285714287,30.775714285714287,25.990000000000002,3.4899999999999998,Kurunegala,Panduwasnuwara East,7.6091667,80.1286111
2017-02-06,26.292857142857144,21.32857142857143,32.472857142857144,0.23,3.812857142857143,Kurunegala,Panduwasnuwara East,7.6091667,80.1286111
2017-02-13,26.478571428571428,21.172857142857143,32.778571428571425,0.08,3.454285714285714,Kurunegala,Panduwasnuwara East,7.6091667,80.1286111
2017-02-20,27.131428571428575,23.454285714285714,32.27285714285714,19.14,4.755714285714285,Kurunegala,Panduwasnuwara East,7.6091667,80.1286111
2017-02-27,27.67142857142857,23.884285714285713,32.277142857142856,9.74,1.9414285714285715,Kurunegala,Panduwasnuwara East,7.6091667,80.1286111
2017-03-06,27.327142857142857,24.535714285714285,31.237142857142857,40.68,3.1999999999999997,Kurunegala,Panduwasnuwara East,7.6091667,80.1286111
2017-03-13,27.56714285714286,25.551428571428573,30.51285714285714,75.97,2.17,Kurunegala,Panduwasnuwara East,7.6091667,80.1286111
2017-03-20,27.267142857142858,24.458571428571428,30.565714285714286,45.49,1.5342857142857143,Kurunegala,Panduwasnuwara East,7.6091667,80.1286111
2017-03-27,27.981428571428573,24.042857142857144,32.589999999999996,1.2,1.8542857142857143,Kurunegala,Panduwasnuwara East,7.6091667,80.1286111
2017-04-03,28.30857142857143,25.54,31.594285714285714,47.37,1.9385714285714286,Kurunegala,Panduwasnuwara East,7.6091667,80.1286111
2017-04-10,28.415714285714284,25.954285714285714,31.512857142857143,11.1,2.1714285714285713,Kurunegala,Panduwasnuwara East,7.6091667,80.1286111
2017-04-17,28.247142857142855,26.398571428571426,30.707142857142856,37.03,3.0714285714285716,Kurunegala,Panduwasnuwara East,7.6091667,80.1286111
2017-04-24,28.75,26.541428571428572,31.915714285714284,0.45000000000000007,3.987142857142857,Kurunegala,Panduwasnuwara East,7.6091667,80.1286111
2017-05-01,28.849999999999998,26.391428571428573,32.19428571428572,4.7,3.031428571428571,Kurunegala,Panduwasnuwara East,7.6091667,80.1286111
2017-05-08,28.738571428571426,26.115714285714287,32.23428571428571,38.45,2.442857142857143,Kurunegala,Panduwasnuwara East,7.6091667,80.1286111
2017-05-15,28.487142857142857,26.75,30.868571428571425,27.28,3.4757142857142855,Kurunegala,Panduwasnuwara East,7.6091667,80.1286111
2017-05-22,28.301428571428573,26.687142857142856,30.444285714285716,19.939999999999998,4.798571428571429,Kurunegala,Panduwasnuwara East,7.6091667,80.1286111
2017-05-29,27.774285714285714,26.545714285714286,29.604285714285716,62.59,5.548571428571428,Kurunegala,Panduwasnuwara East,7.6091667,80.1286111
2017-06-05,27.35571428571429,26.09857142857143,29.162857142857142,26.32,5.972857142857143,Kurunegala,Panduwasnuwara East,7.6091667,80.1286111
2017-06-12,27.5,26.268571428571427,29.415714285714284,5.909999999999999,5.518571428571428,Kurunegala,Panduwasnuwara East,7.6091667,80.1286111
2017-06-19,27.735714285714288,26.354285714285712,29.974285714285713,6.58,4.932857142857143,Kurunegala,Panduwasnuwara East,7.6091667,80.1286111
2017-06-26,27.37142857142857,26.124285714285715,29.228571428571428,9.34,5.411428571428572,Kurunegala,Panduwasnuwara East,7.6091667,80.1286111
2017-07-03,27.400000000000002,25.90142857142857,29.37142857142857,23.39,4.757142857142857,Kurunegala,Panduwasnuwara East,7.6091667,80.1286111
2017-07-10,27.255714285714284,25.674285714285713,29.52285714285714,9.86,4.928571428571429,Kurunegala,Panduwasnuwara East,7.6091667,80.1286111
2017-07-17,27.334285714285716,25.835714285714285,29.665714285714284,2.1,4.964285714285714,Kurunegala,Panduwasnuwara East,7.6091667,80.1286111
2017-07-24,27.74857142857143,26.255714285714284,30.077142857142857,7.919999999999999,5.088571428571429,Kurunegala,Panduwasnuwara East,7.6091667,80.1286111
2017-07-31,27.99857142857143,26.19142857142857,30.81714285714286,5.03,4.978571428571429,Kurunegala,Panduwasnuwara East,7.6091667,80.1286111
2017-08-07,27.62285714285714,26.104285714285716,30.198571428571427,12.26,5.782857142857144,Kurunegala,Panduwasnuwara East,7.6091667,80.1286111
2017-08-14,27.107142857142858,25.487142857142857,29.65857142857143,18.3,4.202857142857143,Kurunegala,Panduwasnuwara East,7.6091667,80.1286111
2017-08-21,27.28142857142857,25.57,29.905714285714286,23.53,5.494285714285715,Kurunegala,Panduwasnuwara East,7.6091667,80.1286111
2017-08-28,27.307142857142857,25.804285714285715,29.777142857142856,9.120000000000001,5.262857142857143,Kurunegala,Panduwasnuwara East,7.6091667,80.1286111
2017-09-04,27.31,25.59857142857143,30.07857142857143,26.46,3.7271428571428573,Kurunegala,Panduwasnuwara East,7.6091667,80.1286111
2017-09-11,26.622857142857146,25.305714285714284,28.657142857142855,52.89,4.735714285714286,Kurunegala,Panduwasnuwara East,7.6091667,80.1286111
2017-09-18,26.990000000000002,25.474285714285713,29.15285714285714,18.62,4.628571428571428,Kurunegala,Panduwasnuwara East,7.6091667,80.1286111
2017-09-25,27.360000000000003,25.697142857142858,29.87,7.82,5.182857142857143,Kurunegala,Panduwasnuwara East,7.6091667,80.1286111
2017-10-02,27.392857142857142,25.68285714285714,29.900000000000002,25.32,5.357142857142857,Kurunegala,Panduwasnuwara East,7.6091667,80.1286111
2017-10-09,27.25857142857143,25.695714285714285,29.53142857142857,20.73,3.9200000000000004,Kurunegala,Panduwasnuwara East,7.6091667,80.1286111
2017-10-16,27.124285714285715,25.764285714285712,29.301428571428573,70.62,4.238571428571428,Kurunegala,Panduwasnuwara East,7.6091667,80.1286111
2017-10-23,27.34857142857143,25.93142857142857,29.535714285714285,41.18,4.808571428571429,Kurunegala,Panduwasnuwara East,7.6091667,80.1286111
2017-10-30,26.687142857142856,25.09,28.65142857142857,66.76,1.9828571428571427,Kurunegala,Panduwasnuwara East,7.6091667,80.1286111
2017-11-06,26.237142857142857,24.61285714285714,28.437142857142856,71.37,2.9014285714285712,Kurunegala,Panduwasnuwara East,7.6091667,80.1286111
2017-11-13,26.287142857142857,24.51571428571429,28.752857142857145,20.48,3.435714285714286,Kurunegala,Panduwasnuwara East,7.6091667,80.1286111
2017-11-20,26.798571428571428,23.925714285714285,30.035714285714285,32.129999999999995,2.2742857142857145,Kurunegala,Panduwasnuwara East,7.6091667,80.1286111
2017-11-27,26.244285714285716,24.154285714285717,28.895714285714288,45.98,3.48,Kurunegala,Panduwasnuwara East,7.6091667,80.1286111
2017-12-04,26.18,24.458571428571428,28.292857142857144,86.76,4.0128571428571425,Kurunegala,Panduwasnuwara East,7.6091667,80.1286111
2017-12-11,25.99857142857143,23.03142857142857,28.997142857142855,7.72,1.8699999999999999,Kurunegala,Panduwasnuwara East,7.6091667,80.1286111
2017-12-18,26.127142857142854,23.79285714285714,29.268571428571427,43.77,3.577142857142857,Kurunegala,Panduwasnuwara East,7.6091667,80.1286111
2017-12-25,25.40857142857143,22.62857142857143,28.87857142857143,22.11,4.271428571428571,Kurunegala,Panduwasnuwara East,7.6091667,80.1286111
2018-01-01,25.310000000000002,22.212857142857143,29.037142857142857,11.92,4.027142857142858,Kurunegala,Panduwasnuwara East,7.6091667,80.1286111
2018-01-08,24.63,20.845714285714287,29.012857142857143,0.22,3.4,Kurunegala,Panduwasnuwara East,7.6091667,80.1286111
2018-01-15,25.574285714285715,22.664285714285715,29.307142857142857,11.59,3.3685714285714283,Kurunegala,Panduwasnuwara East,7.6091667,80.1286111
2018-01-22,25.012857142857143,21.064285714285713,29.99285714285714,0.2,3.9442857142857144,Kurunegala,Panduwasnuwara East,7.6091667,80.1286111
2018-01-29,25.818571428571428,21.888571428571428,30.604285714285712,2.5599999999999996,3.7742857142857145,Kurunegala,Panduwasnuwara East,7.6091667,80.1286111
2018-02-05,26.298571428571428,22.81142857142857,30.81142857142857,9.120000000000001,4.46,Kurunegala,Panduwasnuwara East,7.6091667,80.1286111
2018-02-12,27.325714285714287,23.687142857142856,31.87,6.53,2.4185714285714286,Kurunegala,Panduwasnuwara East,7.6091667,80.1286111
2018-02-19,27.19142857142857,22.815714285714286,32.91285714285714,2.12,4.144285714285714,Kurunegala,Panduwasnuwara East,7.6091667,80.1286111
2018-02-26,27.455714285714286,22.802857142857142,33.18857142857143,10.25,3.744285714285714,Kurunegala,Panduwasnuwara East,7.6091667,80.1286111
2018-03-05,27.705714285714286,23.81142857142857,32.73714285714286,20.599999999999998,3.02,Kurunegala,Panduwasnuwara East,7.6091667,80.1286111
2018-03-12,28.124285714285715,24.02,33.31142857142857,19.26,3.52,Kurunegala,Panduwasnuwara East,7.6091667,80.1286111
2018-03-19,28.83857142857143,25.044285714285714,33.621428571428574,19.84,1.8442857142857143,Kurunegala,Panduwasnuwara East,7.6091667,80.1286111
2018-03-26,28.881428571428575,25.01142857142857,33.85142857142857,6.63,2.0357142857142856,Kurunegala,Panduwasnuwara East,7.6091667,80.1286111
2018-04-02,28.252857142857145,25.857142857142858,31.351428571428574,32.59,2.3299999999999996,Kurunegala,Panduwasnuwara East,7.6091667,80.1286111
2018-04-09,28.814285714285713,25.631428571428575,32.92,35.55,1.4357142857142857,Kurunegala,Panduwasnuwara East,7.6091667,80.1286111
2018-04-16,28.572857142857142,25.798571428571428,32.28142857142857,59.32,1.3057142857142858,Kurunegala,Panduwasnuwara East,7.6091667,80.1286111
2018-04-23,28.83857142857143,26.25714285714286,32.36,25.7,1.8842857142857141,Kurunegala,Panduwasnuwara East,7.6091667,80.1286111
2018-04-30,28.360000000000003,26.381428571428568,31.062857142857144,50.93,2.38,Kurunegala,Panduwasnuwara East,7.6091667,80.1286111
2018-05-07,28.07428571428571,26.375714285714285,30.214285714285715,88.4,2.942857142857143,Kurunegala,Panduwasnuwara East,7.6091667,80.1286111
2018-05-14,27.22142857142857,25.814285714285713,29.262857142857143,75.54,2.707142857142857,Kurunegala,Panduwasnuwara East,7.6091667,80.1286111
2018-05-21,26.915714285714284,25.70285714285714,28.52,112.42,3.4828571428571427,Kurunegala,Panduwasnuwara East,7.6091667,80.1286111
2018-05-28,27.24857142857143,26.104285714285716,28.770000000000003,95.41,4.882857142857143,Kurunegala,Panduwasnuwara East,7.6091667,80.1286111
2018-06-04,27.465714285714284,26.572857142857142,28.889999999999997,30.43,5.401428571428572,Kurunegala,Panduwasnuwara East,7.6091667,80.1286111
2018-06-11,27.267142857142858,26.397142857142857,28.55,34.660000000000004,6.154285714285714,Kurunegala,Panduwasnuwara East,7.6091667,80.1286111
2018-06-18,26.898571428571426,25.78142857142857,28.565714285714286,23.3,5.3428571428571425,Kurunegala,Panduwasnuwara East,7.6091667,80.1286111
2018-06-25,26.821428571428573,25.708571428571428,28.572857142857142,10.08,5.4957142857142856,Kurunegala,Panduwasnuwara East,7.6091667,80.1286111
2018-07-02,26.554285714285715,25.101428571428574,28.505714285714284,8.17,4.408571428571428,Kurunegala,Panduwasnuwara East,7.6091667,80.1286111
2018-07-09,26.69,25.48857142857143,28.50714285714286,8.09,5.015714285714286,Kurunegala,Panduwasnuwara East,7.6091667,80.1286111
2018-07-16,26.327142857142857,25.145714285714288,28.13,19.19,5.515714285714286,Kurunegala,Panduwasnuwara East,7.6091667,80.1286111
2018-07-23,26.30857142857143,24.807142857142857,28.568571428571428,2.1,5.028571428571429,Kurunegala,Panduwasnuwara East,7.6091667,80.1286111
2018-07-30,26.20285714285714,24.722857142857144,28.417142857142856,3.67,4.854285714285714,Kurunegala,Panduwasnuwara East,7.6091667,80.1286111
2018-08-06,26.148571428571426,24.849999999999998,28.114285714285717,7.74,5.027142857142857,Kurunegala,Panduwasnuwara East,7.6091667,80.1286111
2018-08-13,26.08857142857143,24.92571428571429,27.99142857142857,17.48,5.562857142857142,Kurunegala,Panduwasnuwara East,7.6091667,80.1286111
2018-08-20,25.917142857142856,24.731428571428573,27.97142857142857,23.07,6.55,Kurunegala,Panduwasnuwara East,7.6091667,80.1286111
2018-08-27,26.07857142857143,24.314285714285713,28.83142857142857,5.66,4.011428571428572,Kurunegala,Panduwasnuwara East,7.6091667,80.1286111
2018-09-03,26.21142857142857,24.56714285714286,28.814285714285713,4.35,4.098571428571428,Kurunegala,Panduwasnuwara East,7.6091667,80.1286111
2018-09-10,26.8,24.577142857142857,30.15857142857143,2.0700000000000003,4.6085714285714285,Kurunegala,Panduwasnuwara East,7.6091667,80.1286111
2018-09-17,27.18857142857143,24.845714285714287,30.47,4.51,3.9614285714285713,Kurunegala,Panduwasnuwara East,7.6091667,80.1286111
2018-09-24,27.142857142857142,25.7,29.271428571428572,23.85,4.694285714285714,Kurunegala,Panduwasnuwara East,7.6091667,80.1286111
2018-10-01,27.164285714285715,24.874285714285715,30.23428571428571,51.94,2.4985714285714287,Kurunegala,Panduwasnuwara East,7.6091667,80.1286111
2018-10-08,26.52,24.854285714285712,28.885714285714283,121.53,2.031428571428571,Kurunegala,Panduwasnuwara East,7.6091667,80.1286111
2018-10-15,26.27857142857143,24.53857142857143,28.62142857142857,27.27,3.3514285714285714,Kurunegala,Panduwasnuwara East,7.6091667,80.1286111
2018-10-22,26.617142857142856,24.79714285714286,28.737142857142857,52.07,1.6985714285714286,Kurunegala,Panduwasnuwara East,7.6091667,80.1286111
2018-10-29,26.49857142857143,24.41857142857143,29.065714285714286,27.060000000000002,2.5714285714285716,Kurunegala,Panduwasnuwara East,7.6091667,80.1286111
2018-11-05,26.34714285714286,24.57857142857143,28.580000000000002,93.85,2.1142857142857143,Kurunegala,Panduwasnuwara East,7.6091667,80.1286111
2018-11-12,25.83857142857143,23.722857142857144,28.335714285714285,60.0,3.4457142857142857,Kurunegala,Panduwasnuwara East,7.6091667,80.1286111
2018-11-19,26.315714285714286,24.13714285714286,28.931428571428572,42.39,2.0685714285714285,Kurunegala,Panduwasnuwara East,7.6091667,80.1286111
2018-11-26,26.494285714285716,24.517142857142858,28.955714285714286,70.26,2.5285714285714285,Kurunegala,Panduwasnuwara East,7.6091667,80.1286111
2018-12-03,25.877142857142854,23.397142857142857,28.872857142857146,13.84,3.7842857142857143,Kurunegala,Panduwasnuwara East,7.6091667,80.1286111
2018-12-10,25.997142857142855,23.75,28.962857142857143,12.59,3.7342857142857144,Kurunegala,Panduwasnuwara East,7.6091667,80.1286111
2018-12-17,25.172857142857143,22.065714285714286,28.571428571428573,4.72,3.084285714285714,Kurunegala,Panduwasnuwara East,7.6091667,80.1286111
2018-12-24,25.821428571428573,23.277142857142856,28.75857142857143,38.510000000000005,2.8814285714285712,Kurunegala,Panduwasnuwara East,7.6091667,80.1286111
2018-12-31,25.44142857142857,22.900000000000002,28.77285714285714,22.64,3.8385714285714285,Kurunegala,Panduwasnuwara East,7.6091667,80.1286111
2019-01-07,24.208571428571428,20.88,28.285714285714285,0.03,4.631428571428572,Kurunegala,Panduwasnuwara East,7.6091667,80.1286111
2019-01-14,25.415714285714284,22.664285714285715,29.05,5.47,4.575714285714286,Kurunegala,Panduwasnuwara East,7.6091667,80.1286111
2019-01-21,24.784285714285716,21.41857142857143,29.065714285714286,0.9299999999999999,4.414285714285714,Kurunegala,Panduwasnuwara East,7.6091667,80.1286111
2019-01-28,26.37142857142857,22.444285714285716,30.84714285714286,0.38,3.084285714285714,Kurunegala,Panduwasnuwara East,7.6091667,80.1286111
2019-02-04,26.59857142857143,22.875714285714285,31.36285714285714,10.99,4.5128571428571425,Kurunegala,Panduwasnuwara East,7.6091667,80.1286111
2019-02-11,26.934285714285714,24.034285714285716,30.755714285714284,49.55,3.184285714285714,Kurunegala,Panduwasnuwara East,7.6091667,80.1286111
2019-02-18,27.354285714285716,24.41,31.181428571428572,13.629999999999999,3.1185714285714283,Kurunegala,Panduwasnuwara East,7.6091667,80.1286111
2019-02-25,27.36285714285714,22.638571428571428,33.02285714285714,0.34,3.4857142857142853,Kurunegala,Panduwasnuwara East,7.6091667,80.1286111
2019-03-04,28.157142857142855,24.52285714285714,32.70857142857143,5.83,2.182857142857143,Kurunegala,Panduwasnuwara East,7.6091667,80.1286111
2019-03-11,28.75142857142857,24.974285714285713,33.68714285714286,7.709999999999999,2.3328571428571427,Kurunegala,Panduwasnuwara East,7.6091667,80.1286111
2019-03-18,28.954285714285714,23.92142857142857,35.13285714285714,9.37,2.6128571428571425,Kurunegala,Panduwasnuwara East,7.6091667,80.1286111
2019-03-25,29.631428571428575,25.147142857142857,35.277142857142856,5.4799999999999995,1.4985714285714287,Kurunegala,Panduwasnuwara East,7.6091667,80.1286111
2019-04-01,29.784285714285716,24.995714285714286,35.58142857142857,0.57,2.177142857142857,Kurunegala,Panduwasnuwara East,7.6091667,80.1286111
2019-04-08,30.425714285714285,26.46142857142857,35.45,1.12,2.435714285714286,Kurunegala,Panduwasnuwara East,7.6091667,80.1286111
2019-04-15,30.354285714285712,27.09857142857143,34.79714285714285,14.040000000000001,2.0385714285714287,Kurunegala,Panduwasnuwara East,7.6091667,80.1286111
2019-04-22,28.900000000000002,26.554285714285715,32.14142857142857,82.31,2.345714285714286,Kurunegala,Panduwasnuwara East,7.6091667,80.1286111
2019-04-29,29.134285714285713,26.564285714285713,32.32714285714286,32.019999999999996,2.07,Kurunegala,Panduwasnuwara East,7.6091667,80.1286111
2019-05-06,28.93,27.234285714285715,31.345714285714287,12.68,5.0600000000000005,Kurunegala,Panduwasnuwara East,7.6091667,80.1286111
2019-05-13,29.00714285714286,26.77,32.278571428571425,0.6,4.742857142857143,Kurunegala,Panduwasnuwara East,7.6091667,80.1286111
2019-05-20,29.04,27.25857142857143,31.632857142857144,4.22,4.32,Kurunegala,Panduwasnuwara East,7.6091667,80.1286111
2019-05-27,28.827142857142857,26.90142857142857,31.665714285714284,12.35,4.464285714285714,Kurunegala,Panduwasnuwara East,7.6091667,80.1286111
2019-06-03,29.05,27.315714285714286,31.624285714285715,12.68,4.924285714285714,Kurunegala,Panduwasnuwara East,7.6091667,80.1286111
2019-06-10,28.381428571428575,26.972857142857144,30.49857142857143,45.71,5.43,Kurunegala,Panduwasnuwara East,7.6091667,80.1286111
2019-06-17,28.704285714285714,27.102857142857143,31.09142857142857,16.66,5.14,Kurunegala,Panduwasnuwara East,7.6091667,80.1286111
2019-06-24,28.44142857142857,27.110000000000003,30.41857142857143,7.960000000000001,6.164285714285714,Kurunegala,Panduwasnuwara East,7.6091667,80.1286111
2019-07-01,28.60571428571429,26.91857142857143,31.19,2.59,5.390000000000001,Kurunegala,Panduwasnuwara East,7.6091667,80.1286111
2019-07-08,28.41142857142857,26.842857142857145,30.844285714285714,2.3000000000000003,5.191428571428571,Kurunegala,Panduwasnuwara East,7.6091667,80.1286111
2019-07-15,27.849999999999998,26.021428571428572,30.52857142857143,22.97,4.214285714285714,Kurunegala,Panduwasnuwara East,7.6091667,80.1286111
2019-07-22,27.50142857142857,25.99857142857143,29.66,20.27,6.148571428571429,Kurunegala,Panduwasnuwara East,7.6091667,80.1286111
2019-07-29,27.502857142857145,25.59,30.541428571428572,6.359999999999999,4.8185714285714285,Kurunegala,Panduwasnuwara East,7.6091667,80.1286111
2019-08-05,27.93285714285714,26.364285714285717,30.41142857142857,5.7700000000000005,5.162857142857143,Kurunegala,Panduwasnuwara East,7.6091667,80.1286111
2019-08-12,27.442857142857143,25.954285714285714,29.830000000000002,60.24,5.61,Kurunegala,Panduwasnuwara East,7.6091667,80.1286111
2019-08-19,26.95,25.31142857142857,29.25714285714286,30.37,4.692857142857143,Kurunegala,Panduwasnuwara East,7.6091667,80.1286111
2019-08-26,26.947142857142858,25.405714285714286,29.172857142857143,36.51,5.795714285714285,Kurunegala,Panduwasnuwara East,7.6091667,80.1286111
2019-09-02,27.204285714285714,25.822857142857142,29.235714285714288,30.25,5.467142857142858,Kurunegala,Panduwasnuwara East,7.6091667,80.1286111
2019-09-09,27.512857142857143,26.03857142857143,29.75857142857143,12.89,4.964285714285714,Kurunegala,Panduwasnuwara East,7.6091667,80.1286111
2019-09-16,26.97,25.647142857142857,28.97714285714286,66.83,4.244285714285715,Kurunegala,Panduwasnuwara East,7.6091667,80.1286111
2019-09-23,26.801428571428573,25.349999999999998,28.824285714285715,61.33,4.795714285714285,Kurunegala,Panduwasnuwara East,7.6091667,80.1286111
2019-09-30,26.634285714285713,24.704285714285714,28.98,93.59,2.6557142857142857,Kurunegala,Panduwasnuwara East,7.6091667,80.1286111
2019-10-07,26.52857142857143,24.95,28.744285714285716,75.03,2.3842857142857143,Kurunegala,Panduwasnuwara East,7.6091667,80.1286111
2019-10-14,26.55,24.945714285714285,28.69,77.26,2.1928571428571426,Kurunegala,Panduwasnuwara East,7.6091667,80.1286111
2019-10-21,26.392857142857142,24.818571428571428,28.33857142857143,191.74,2.5085714285714285,Kurunegala,Panduwasnuwara East,7.6091667,80.1286111
2019-10-28,25.722857142857144,24.435714285714287,27.34,82.71000000000001,2.902857142857143,Kurunegala,Panduwasnuwara East,7.6091667,80.1286111
2019-11-04,26.15285714285714,24.102857142857143,28.58857142857143,66.69,2.4442857142857144,Kurunegala,Panduwasnuwara East,7.6091667,80.1286111
2019-11-11,26.56142857142857,25.021428571428572,28.53142857142857,34.410000000000004,2.3428571428571425,Kurunegala,Panduwasnuwara East,7.6091667,80.1286111
2019-11-18,26.824285714285715,23.891428571428573,30.185714285714287,53.19,2.3785714285714286,Kurunegala,Panduwasnuwara East,7.6091667,80.1286111
2019-11-25,26.635714285714283,24.518571428571427,29.274285714285718,51.35,3.0285714285714285,Kurunegala,Panduwasnuwara East,7.6091667,80.1286111
2019-12-02,26.81142857142857,24.705714285714286,29.63,142.75,3.12,Kurunegala,Panduwasnuwara East,7.6091667,80.1286111
2019-12-09,26.06,24.330000000000002,28.361428571428572,76.51,3.9614285714285713,Kurunegala,Panduwasnuwara East,7.6091667,80.1286111
2019-12-16,26.021428571428572,23.94857142857143,28.807142857142857,20.23,3.642857142857143,Kurunegala,Panduwasnuwara East,7.6091667,80.1286111
2019-12-23,26.214285714285715,24.44142857142857,28.794285714285714,89.38,4.2057142857142855,Kurunegala,Panduwasnuwara East,7.6091667,80.1286111
2019-12-30,25.541428571428572,22.63714285714286,28.965714285714284,7.59,3.367142857142857,Kurunegala,Panduwasnuwara East,7.6091667,80.1286111
2020-01-06,26.669999999999998,23.75714285714286,30.134285714285713,15.879999999999999,2.858571428571428,Kurunegala,Panduwasnuwara East,7.6091667,80.1286111
2020-01-13,25.217142857142857,22.052857142857142,28.818571428571428,0.89,4.427142857142857,Kurunegala,Panduwasnuwara East,7.6091667,80.1286111
2020-01-20,25.397142857142857,21.94142857142857,29.294285714285714,5.71,3.525714285714286,Kurunegala,Panduwasnuwara East,7.6091667,80.1286111
2020-01-27,25.91,23.002857142857145,29.68857142857143,9.08,4.411428571428572,Kurunegala,Panduwasnuwara East,7.6091667,80.1286111
2020-02-03,25.051428571428573,21.110000000000003,29.574285714285715,0.13,3.3485714285714283,Kurunegala,Panduwasnuwara East,7.6091667,80.1286111
2020-02-10,25.82857142857143,22.50714285714286,30.00714285714286,0.28,3.5414285714285714,Kurunegala,Panduwasnuwara East,7.6091667,80.1286111
2020-02-17,26.587142857142858,23.27857142857143,30.71857142857143,2.7,4.432857142857143,Kurunegala,Panduwasnuwara East,7.6091667,80.1286111
2020-02-24,26.634285714285713,22.952857142857145,31.274285714285718,5.2,4.797142857142857,Kurunegala,Panduwasnuwara East,7.6091667,80.1286111
2020-03-02,27.69142857142857,23.352857142857143,33.01571428571429,0.03,3.6457142857142855,Kurunegala,Panduwasnuwara East,7.6091667,80.1286111
2020-03-09,28.602857142857143,24.675714285714285,33.38857142857143,8.98,1.8214285714285714,Kurunegala,Panduwasnuwara East,7.6091667,80.1286111
2020-03-16,29.12142857142857,24.31714285714286,34.745714285714286,2.77,1.98,Kurunegala,Panduwasnuwara East,7.6091667,80.1286111
2020-03-23,29.162857142857142,25.37142857142857,33.817142857142855,12.39,1.7899999999999998,Kurunegala,Panduwasnuwara East,7.6091667,80.1286111
2020-03-30,29.495714285714286,24.65285714285714,35.18714285714286,7.54,2.1,Kurunegala,Panduwasnuwara East,7.6091667,80.1286111
2020-04-06,29.82857142857143,25.15857142857143,35.598571428571425,13.07,1.752857142857143,Kurunegala,Panduwasnuwara East,7.6091667,80.1286111
2020-04-13,29.49857142857143,26.164285714285715,33.815714285714286,31.99,1.76,Kurunegala,Panduwasnuwara East,7.6091667,80.1286111
2020-04-20,29.607142857142858,26.634285714285713,33.59142857142857,69.31,1.4685714285714286,Kurunegala,Panduwasnuwara East,7.6091667,80.1286111
2020-04-27,28.99285714285714,26.885714285714283,31.642857142857142,45.190000000000005,2.2857142857142856,Kurunegala,Panduwasnuwara East,7.6091667,80.1286111
2020-05-04,28.93,26.835714285714285,31.645714285714284,19.09,2.2399999999999998,Kurunegala,Panduwasnuwara East,7.6091667,80.1286111
2020-05-11,28.275714285714287,26.694285714285716,30.40142857142857,100.3,2.6700000000000004,Kurunegala,Panduwasnuwara East,7.6091667,80.1286111
2020-05-18,28.43285714285714,26.707142857142856,30.485714285714288,85.19,3.454285714285714,Kurunegala,Panduwasnuwara East,7.6091667,80.1286111
2020-05-25,28.00142857142857,26.821428571428573,29.662857142857145,25.65,5.505714285714285,Kurunegala,Panduwasnuwara East,7.6091667,80.1286111
2020-06-01,27.72714285714286,26.645714285714284,29.287142857142857,18.63,4.805714285714286,Kurunegala,Panduwasnuwara East,7.6091667,80.1286111
2020-06-08,27.547142857142855,25.99285714285714,29.599999999999998,44.35,5.0842857142857145,Kurunegala,Panduwasnuwara East,7.6091667,80.1286111
2020-06-15,27.73428571428571,26.24285714285714,29.62,21.560000000000002,5.214285714285714,Kurunegala,Panduwasnuwara East,7.6091667,80.1286111
2020-06-22,27.545714285714286,26.32857142857143,29.397142857142857,7.71,5.024285714285715,Kurunegala,Panduwasnuwara East,7.6091667,80.1286111
2020-06-29,27.15857142857143,25.717142857142854,29.18857142857143,32.35,4.337142857142857,Kurunegala,Panduwasnuwara East,7.6091667,80.1286111
2020-07-06,27.169999999999998,25.815714285714286,29.080000000000002,9.16,4.845714285714286,Kurunegala,Panduwasnuwara East,7.6091667,80.1286111
2020-07-13,26.87857142857143,25.65857142857143,28.687142857142856,27.88,3.891428571428572,Kurunegala,Panduwasnuwara East,7.6091667,80.1286111
2020-07-20,26.864285714285717,25.574285714285715,28.75857142857143,21.53,3.9057142857142857,Kurunegala,Panduwasnuwara East,7.6091667,80.1286111
2020-07-27,26.509999999999998,24.997142857142858,28.52857142857143,12.34,4.297142857142857,Kurunegala,Panduwasnuwara East,7.6091667,80.1286111
2020-08-03,26.771428571428572,25.47714285714286,28.8,39.26,5.6571428571428575,Kurunegala,Panduwasnuwara East,7.6091667,80.1286111
2020-08-10,26.57857142857143,25.3,28.552857142857142,51.54,5.58,Kurunegala,Panduwasnuwara East,7.6091667,80.1286111
2020-08-17,26.792857142857144,25.244285714285716,29.247142857142855,3.16,4.45,Kurunegala,Panduwasnuwara East,7.6091667,80.1286111
2020-08-24,27.21,25.360000000000003,29.988571428571426,2.37,4.0200000000000005,Kurunegala,Panduwasnuwara East,7.6091667,80.1286111
2020-08-31,27.354285714285712,25.650000000000002,29.954285714285714,6.550000000000001,4.297142857142857,Kurunegala,Panduwasnuwara East,7.6091667,80.1286111
2020-09-07,26.715714285714284,25.13714285714286,28.889999999999997,46.59,4.7542857142857144,Kurunegala,Panduwasnuwara East,7.6091667,80.1286111
2020-09-14,26.78857142857143,25.458571428571428,28.68285714285714,48.17,4.815714285714286,Kurunegala,Panduwasnuwara East,7.6091667,80.1286111
2020-09-21,26.767142857142858,25.43285714285714,28.65285714285714,35.800000000000004,5.701428571428571,Kurunegala,Panduwasnuwara East,7.6091667,80.1286111
2020-09-28,26.53,25.068571428571428,28.495714285714286,28.61,4.065714285714286,Kurunegala,Panduwasnuwara East,7.6091667,80.1286111
2020-10-05,26.837142857142858,25.481428571428573,29.092857142857145,23.6,5.17,Kurunegala,Panduwasnuwara East,7.6091667,80.1286111
2020-10-12,26.890000000000004,25.252857142857145,29.169999999999998,19.92,4.8100000000000005,Kurunegala,Panduwasnuwara East,7.6091667,80.1286111
2020-10-19,27.041428571428572,25.601428571428567,29.264285714285712,21.200000000000003,5.0442857142857145,Kurunegala,Panduwasnuwara East,7.6091667,80.1286111
2020-10-26,27.21,25.592857142857145,29.568571428571428,8.86,4.091428571428572,Kurunegala,Panduwasnuwara East,7.6091667,80.1286111
2020-11-02,27.139999999999997,24.81857142857143,30.23857142857143,11.39,1.7899999999999998,Kurunegala,Panduwasnuwara East,7.6091667,80.1286111
2020-11-09,27.53,25.115714285714287,30.787142857142857,82.43,2.69,Kurunegala,Panduwasnuwara East,7.6091667,80.1286111
2020-11-16,27.237142857142857,25.312857142857144,29.63,153.71,2.505714285714286,Kurunegala,Panduwasnuwara East,7.6091667,80.1286111
2020-11-23,26.2,24.298571428571428,28.65285714285714,66.92,2.737142857142857,Kurunegala,Panduwasnuwara East,7.6091667,80.1286111
2020-11-30,26.314285714285713,24.214285714285715,28.875714285714285,20.91,3.1242857142857146,Kurunegala,Panduwasnuwara East,7.6091667,80.1286111
2020-12-07,26.28142857142857,24.85571428571429,27.935714285714287,89.3,4.172857142857143,Kurunegala,Panduwasnuwara East,7.6091667,80.1286111
2020-12-14,25.885714285714283,23.085714285714285,29.284285714285716,7.68,3.3114285714285714,Kurunegala,Panduwasnuwara East,7.6091667,80.1286111
2020-12-21,25.74285714285714,23.52,28.462857142857143,64.11,3.532857142857143,Kurunegala,Panduwasnuwara East,7.6091667,80.1286111
2020-12-28,25.565714285714286,23.62142857142857,28.374285714285715,35.4,4.474285714285714,Kurunegala,Panduwasnuwara East,7.6091667,80.1286111
2021-01-04,25.947142857142858,23.580000000000002,28.97142857142857,54.37,3.6957142857142857,Kurunegala,Panduwasnuwara East,7.6091667,80.1286111
2021-01-11,25.71,23.904285714285713,27.705714285714286,80.59,2.64,Kurunegala,Panduwasnuwara East,7.6091667,80.1286111
2021-01-18,25.525714285714287,23.53142857142857,28.08142857142857,94.0,2.9628571428571426,Kurunegala,Panduwasnuwara East,7.6091667,80.1286111
2021-01-25,25.517142857142858,22.72142857142857,28.924285714285713,16.08,3.795714285714286,Kurunegala,Panduwasnuwara East,7.6091667,80.1286111
2021-02-01,25.108571428571427,22.462857142857143,28.31714285714286,28.419999999999998,3.922857142857143,Kurunegala,Panduwasnuwara East,7.6091667,80.1286111
2021-02-08,25.404285714285713,22.895714285714288,28.854285714285712,7.03,5.207142857142857,Kurunegala,Panduwasnuwara East,7.6091667,80.1286111
2021-02-15,24.79,21.24857142857143,28.90142857142857,0.26,4.032857142857143,Kurunegala,Panduwasnuwara East,7.6091667,80.1286111
2021-02-22,26.018571428571427,22.79,29.891428571428573,5.68,3.3385714285714285,Kurunegala,Panduwasnuwara East,7.6091667,80.1286111
2021-03-01,26.164285714285715,22.28,30.58285714285714,4.77,2.834285714285714,Kurunegala,Panduwasnuwara East,7.6091667,80.1286111
2021-03-08,26.442857142857143,22.631428571428568,30.755714285714284,21.94,3.301428571428571,Kurunegala,Panduwasnuwara East,7.6091667,80.1286111
2021-03-15,27.240000000000002,23.77285714285714,31.59,18.169999999999998,3.1028571428571428,Kurunegala,Panduwasnuwara East,7.6091667,80.1286111
2021-03-22,27.478571428571428,23.990000000000002,31.45,21.66,2.04,Kurunegala,Panduwasnuwara East,7.6091667,80.1286111
2021-03-29,27.68857142857143,24.43142857142857,31.815714285714282,32.900000000000006,2.0914285714285716,Kurunegala,Panduwasnuwara East,7.6091667,80.1286111
2021-04-05,28.267142857142858,25.595714285714283,31.777142857142856,4.83,3.242857142857143,Kurunegala,Panduwasnuwara East,7.6091667,80.1286111
2021-04-12,28.275714285714287,25.27857142857143,32.09142857142857,40.43,1.6400000000000001,Kurunegala,Panduwasnuwara East,7.6091667,80.1286111
2021-04-19,27.412857142857142,25.792857142857144,29.585714285714285,69.65,2.5085714285714285,Kurunegala,Panduwasnuwara East,7.6091667,80.1286111
2021-04-26,28.08857142857143,26.297142857142855,30.349999999999998,19.67,2.5042857142857144,Kurunegala,Panduwasnuwara East,7.6091667,80.1286111
2021-05-03,28.042857142857144,26.35571428571429,30.345714285714287,53.84,2.6614285714285715,Kurunegala,Panduwasnuwara East,7.6091667,80.1286111
2021-05-10,27.931428571428572,26.087142857142858,30.094285714285714,80.78,1.762857142857143,Kurunegala,Panduwasnuwara East,7.6091667,80.1286111
2021-05-17,27.397142857142857,26.16857142857143,29.16142857142857,102.98,3.717142857142857,Kurunegala,Panduwasnuwara East,7.6091667,80.1286111
2021-05-24,27.891428571428573,26.59714285714286,29.555714285714284,83.98,4.617142857142857,Kurunegala,Panduwasnuwara East,7.6091667,80.1286111
2021-05-31,27.48,26.497142857142855,28.948571428571427,64.86,6.152857142857143,Kurunegala,Panduwasnuwara East,7.6091667,80.1286111
2021-06-07,27.215714285714284,26.080000000000002,28.724285714285713,102.97,4.574285714285715,Kurunegala,Panduwasnuwara East,7.6091667,80.1286111
2021-06-14,27.22714285714286,25.872857142857146,29.03142857142857,42.230000000000004,5.33,Kurunegala,Panduwasnuwara East,7.6091667,80.1286111
2021-06-21,27.024285714285714,25.814285714285713,28.745714285714286,5.0200000000000005,4.465714285714286,Kurunegala,Panduwasnuwara East,7.6091667,80.1286111
2021-06-28,26.994285714285716,25.818571428571428,28.75714285714286,11.19,4.732857142857143,Kurunegala,Panduwasnuwara East,7.6091667,80.1286111
2021-07-05,27.037142857142857,25.681428571428572,28.812857142857144,22.89,4.452857142857143,Kurunegala,Panduwasnuwara East,7.6091667,80.1286111
2021-07-12,26.78857142857143,25.657142857142855,28.361428571428572,55.19,5.498571428571429,Kurunegala,Panduwasnuwara East,7.6091667,80.1286111
2021-07-19,26.707142857142856,25.461428571428574,28.53857142857143,19.69,4.33,Kurunegala,Panduwasnuwara East,7.6091667,80.1286111
2021-07-26,26.767142857142858,25.625714285714285,28.5,34.08,5.935714285714285,Kurunegala,Panduwasnuwara East,7.6091667,80.1286111
2021-08-02,26.74857142857143,25.485714285714288,28.740000000000002,12.44,4.885714285714286,Kurunegala,Panduwasnuwara East,7.6091667,80.1286111
2021-08-09,26.622857142857146,25.43,28.49285714285714,18.42,5.340000000000001,Kurunegala,Panduwasnuwara East,7.6091667,80.1286111
2021-08-16,26.44142857142857,25.274285714285714,28.352857142857143,12.32,4.785714285714286,Kurunegala,Panduwasnuwara East,7.6091667,80.1286111
2021-08-23,26.407142857142855,24.978571428571428,28.481428571428573,13.84,3.89,Kurunegala,Panduwasnuwara East,7.6091667,80.1286111
2021-08-30,26.74285714285714,25.444285714285716,28.764285714285712,49.08,5.341428571428572,Kurunegala,Panduwasnuwara East,7.6091667,80.1286111
2021-09-06,26.835714285714285,25.73857142857143,28.541428571428572,31.439999999999998,4.968571428571429,Kurunegala,Panduwasnuwara East,7.6091667,80.1286111
2021-09-13,27.02,25.73,28.97142857142857,13.65,5.211428571428571,Kurunegala,Panduwasnuwara East,7.6091667,80.1286111
2021-09-20,27.06142857142857,25.792857142857144,29.014285714285712,26.580000000000002,4.118571428571429,Kurunegala,Panduwasnuwara East,7.6091667,80.1286111
2021-09-27,27.018571428571427,25.787142857142857,28.851428571428574,49.49,4.912857142857143,Kurunegala,Panduwasnuwara East,7.6091667,80.1286111
2021-10-04,26.415714285714284,24.91142857142857,28.534285714285716,71.74,3.3685714285714283,Kurunegala,Panduwasnuwara East,7.6091667,80.1286111
2021-10-11,26.804285714285715,25.51571428571429,28.645714285714288,67.77,4.887142857142857,Kurunegala,Panduwasnuwara East,7.6091667,80.1286111
2021-10-18,27.215714285714284,25.73857142857143,29.295714285714286,18.42,5.337142857142857,Kurunegala,Panduwasnuwara East,7.6091667,80.1286111
2021-10-25,26.815714285714286,25.005714285714284,29.110000000000003,78.69,2.5242857142857145,Kurunegala,Panduwasnuwara East,7.6091667,80.1286111
2021-11-01,26.187142857142856,24.665714285714284,28.02857142857143,178.67000000000002,2.9114285714285715,Kurunegala,Panduwasnuwara East,7.6091667,80.1286111
2021-11-08,26.26142857142857,24.81714285714286,28.208571428571428,144.84,3.1314285714285717,Kurunegala,Panduwasnuwara East,7.6091667,80.1286111
2021-11-15,26.169999999999998,25.14428571428571,27.565714285714286,105.28999999999999,4.467142857142857,Kurunegala,Panduwasnuwara East,7.6091667,80.1286111
2021-11-22,26.21142857142857,24.631428571428575,28.165714285714284,41.6,3.2785714285714285,Kurunegala,Panduwasnuwara East,7.6091667,80.1286111
2021-11-29,26.048571428571428,24.434285714285714,27.965714285714284,145.75,2.8185714285714285,Kurunegala,Panduwasnuwara East,7.6091667,80.1286111
2021-12-06,26.731428571428573,24.55857142857143,29.255714285714284,38.01,1.582857142857143,Kurunegala,Panduwasnuwara East,7.6091667,80.1286111
2021-12-13,26.104285714285712,23.618571428571425,29.104285714285716,19.02,4.12,Kurunegala,Panduwasnuwara East,7.6091667,80.1286111
2021-12-20,25.784285714285716,23.814285714285713,28.445714285714285,13.67,4.235714285714286,Kurunegala,Panduwasnuwara East,7.6091667,80.1286111
2021-12-27,24.794285714285714,21.51571428571429,28.737142857142857,0.35,3.69,Kurunegala,Panduwasnuwara East,7.6091667,80.1286111
2022-01-03,25.827142857142857,23.095714285714287,29.262857142857143,29.450000000000003,4.021428571428571,Kurunegala,Panduwasnuwara East,7.6091667,80.1286111
2022-01-10,25.944285714285716,23.782857142857146,29.02285714285714,11.26,4.3742857142857146,Kurunegala,Panduwasnuwara East,7.6091667,80.1286111
2022-01-17,26.512857142857143,23.69142857142857,30.06142857142857,2.99,3.412857142857143,Kurunegala,Panduwasnuwara East,7.6091667,80.1286111
2022-01-24,25.204285714285714,21.825714285714287,29.181428571428572,0.28,2.8442857142857143,Kurunegala,Panduwasnuwara East,7.6091667,80.1286111
2022-01-31,25.87285714285714,22.571428571428573,29.475714285714282,2.85,2.838571428571428,Kurunegala,Panduwasnuwara East,7.6091667,80.1286111
2022-02-07,25.43857142857143,21.415714285714284,29.865714285714287,0.05,3.2642857142857147,Kurunegala,Panduwasnuwara East,7.6091667,80.1286111
2022-02-14,25.75857142857143,23.21857142857143,29.27285714285714,31.66,3.9857142857142853,Kurunegala,Panduwasnuwara East,7.6091667,80.1286111
2022-02-21,26.057142857142857,22.72142857142857,29.915714285714284,19.13,3.4,Kurunegala,Panduwasnuwara East,7.6091667,80.1286111
2022-02-28,26.228571428571428,22.89428571428571,30.22714285714286,95.17999999999999,4.055714285714286,Kurunegala,Panduwasnuwara East,7.6091667,80.1286111
2022-03-07,26.43285714285714,23.785714285714285,29.768571428571427,7.41,3.9728571428571433,Kurunegala,Panduwasnuwara East,7.6091667,80.1286111
2022-03-14,26.93,23.494285714285716,30.964285714285715,6.37,3.545714285714286,Kurunegala,Panduwasnuwara East,7.6091667,80.1286111
2022-03-21,27.678571428571427,25.255714285714284,30.57857142857143,11.31,2.9271428571428575,Kurunegala,Panduwasnuwara East,7.6091667,80.1286111
2022-03-28,28.17142857142857,25.677142857142858,31.442857142857143,10.89,2.314285714285714,Kurunegala,Panduwasnuwara East,7.6091667,80.1286111
2022-04-04,27.985714285714288,25.74857142857143,31.017142857142858,31.44,2.255714285714286,Kurunegala,Panduwasnuwara East,7.6091667,80.1286111
2022-04-11,27.217142857142857,25.268571428571427,29.65285714285714,150.45,1.9742857142857144,Kurunegala,Panduwasnuwara East,7.6091667,80.1286111
2022-04-18,27.36285714285714,25.69142857142857,29.58857142857143,34.269999999999996,2.9714285714285715,Kurunegala,Panduwasnuwara East,7.6091667,80.1286111
2022-04-25,27.574285714285715,25.77857142857143,29.645714285714284,57.18,1.94,Kurunegala,Panduwasnuwara East,7.6091667,80.1286111
2022-05-02,28.240000000000002,26.548571428571428,30.325714285714287,49.54,2.7328571428571427,Kurunegala,Panduwasnuwara East,7.6091667,80.1286111
2022-05-09,28.222857142857144,26.77857142857143,30.035714285714285,15.55,3.9,Kurunegala,Panduwasnuwara East,7.6091667,80.1286111
2022-05-16,27.69857142857143,26.447142857142858,29.439999999999998,46.58,6.041428571428571,Kurunegala,Panduwasnuwara East,7.6091667,80.1286111
2022-05-23,27.55,26.50142857142857,29.18285714285714,40.45,6.174285714285714,Kurunegala,Panduwasnuwara East,7.6091667,80.1286111
2022-05-30,27.178571428571427,26.15285714285714,28.78857142857143,85.79,5.365714285714286,Kurunegala,Panduwasnuwara East,7.6091667,80.1286111
2022-06-06,26.958571428571425,25.85571428571429,28.602857142857143,23.79,5.317142857142857,Kurunegala,Panduwasnuwara East,7.6091667,80.1286111
2022-06-13,26.75714285714286,25.665714285714284,28.358571428571427,12.82,4.777142857142857,Kurunegala,Panduwasnuwara East,7.6091667,80.1286111
2022-06-20,26.59,25.419999999999998,28.24285714285714,25.939999999999998,4.091428571428572,Kurunegala,Panduwasnuwara East,7.6091667,80.1286111
2022-06-27,27.158571428571427,25.91,29.05,7.3100000000000005,4.944285714285714,Kurunegala,Panduwasnuwara East,7.6091667,80.1286111
2022-07-04,26.93,25.689999999999998,28.711428571428574,11.68,5.412857142857143,Kurunegala,Panduwasnuwara East,7.6091667,80.1286111
2022-07-11,26.30142857142857,24.967142857142854,28.25142857142857,7.55,5.109999999999999,Kurunegala,Panduwasnuwara East,7.6091667,80.1286111
2022-07-18,26.73,25.231428571428573,28.802857142857142,4.29,5.204285714285715,Kurunegala,Panduwasnuwara East,7.6091667,80.1286111
2022-07-25,26.56,25.09,28.731428571428573,38.53,4.332857142857143,Kurunegala,Panduwasnuwara East,7.6091667,80.1286111
2022-08-01,26.618571428571425,24.89428571428571,28.86285714285714,51.1,2.847142857142857,Kurunegala,Panduwasnuwara East,7.6091667,80.1286111
2022-08-08,26.255714285714284,25.13,27.94857142857143,42.089999999999996,6.585714285714286,Kurunegala,Panduwasnuwara East,7.6091667,80.1286111
2022-08-15,26.771428571428572,24.91714285714286,29.384285714285713,0.9,4.0842857142857145,Kurunegala,Panduwasnuwara East,7.6091667,80.1286111
2022-08-22,26.775714285714287,25.21857142857143,29.18857142857143,8.28,4.934285714285714,Kurunegala,Panduwasnuwara East,7.6091667,80.1286111
2022-08-29,25.82,24.542857142857144,27.75714285714286,25.79,5.001428571428571,Kurunegala,Panduwasnuwara East,7.6091667,80.1286111
2022-09-05,26.04,24.888571428571428,27.76142857142857,121.84,4.51,Kurunegala,Panduwasnuwara East,7.6091667,80.1286111
2022-09-12,26.232857142857142,24.91,28.291428571428572,8.48,5.352857142857142,Kurunegala,Panduwasnuwara East,7.6091667,80.1286111
2022-09-19,26.624285714285715,24.937142857142856,29.095714285714283,1.24,4.33,Kurunegala,Panduwasnuwara East,7.6091667,80.1286111
2022-09-26,26.958571428571428,25.114285714285717,29.517142857142858,3.71,4.064285714285714,Kurunegala,Panduwasnuwara East,7.6091667,80.1286111
2022-10-03,26.825714285714287,25.462857142857143,29.032857142857143,21.54,5.675714285714285,Kurunegala,Panduwasnuwara East,7.6091667,80.1286111
2022-10-10,26.69142857142857,25.06142857142857,29.082857142857144,11.69,4.1085714285714285,Kurunegala,Panduwasnuwara East,7.6091667,80.1286111
2022-10-17,26.472857142857144,25.03142857142857,28.46857142857143,92.83,3.75,Kurunegala,Panduwasnuwara East,7.6091667,80.1286111
2022-10-24,25.97142857142857,24.650000000000002,27.729999999999997,115.47,3.682857142857143,Kurunegala,Panduwasnuwara East,7.6091667,80.1286111
2022-10-31,26.43285714285714,23.734285714285715,29.51571428571429,21.58,2.8971428571428572,Kurunegala,Panduwasnuwara East,7.6091667,80.1286111
2022-11-07,25.922857142857143,24.3,28.164285714285715,103.47,2.6514285714285717,Kurunegala,Panduwasnuwara East,7.6091667,80.1286111
2022-11-14,25.78142857142857,24.057142857142857,27.91714285714286,103.42,3.084285714285714,Kurunegala,Panduwasnuwara East,7.6091667,80.1286111
2022-11-21,25.467142857142857,22.78857142857143,28.49142857142857,16.54,3.0742857142857143,Kurunegala,Panduwasnuwara East,7.6091667,80.1286111
2022-11-28,26.35571428571429,23.50142857142857,29.265714285714285,17.5,1.82,Kurunegala,Panduwasnuwara East,7.6091667,80.1286111
2022-12-05,26.11285714285714,23.315714285714286,29.292857142857144,50.47,2.7342857142857144,Kurunegala,Panduwasnuwara East,7.6091667,80.1286111
2022-12-12,25.662857142857142,23.752857142857145,27.994285714285716,34.5,3.9699999999999998,Kurunegala,Panduwasnuwara East,7.6091667,80.1286111
2022-12-19,25.517142857142858,23.33142857142857,28.37142857142857,46.129999999999995,3.7342857142857144,Kurunegala,Panduwasnuwara East,7.6091667,80.1286111
2022-12-26,25.704285714285714,24.315714285714286,27.575714285714287,124.07,4.448571428571428,Kurunegala,Panduwasnuwara East,7.6091667,80.1286111
2023-01-02,25.316,22.59,28.677999999999997,4.04,3.2380000000000004,Kurunegala,Panduwasnuwara East,7.6091667,80.1286111
